{"min": [-0.285405, -0.890186, -0.458925], "max": [0.276725, 0.67194, 0.495843]}