{"min": [-0.623207, -0.791504, -0.559532], "max": [0.55112, 0.479041, 0.585834]}