{"min": [-0.716125, -0.978148, -0.736475], "max": [0.691833, 0.790583, 0.712507]}