{"min": [-0.472872, -0.958428, -0.424829], "max": [0.415455, 0.834197, 0.451047]}