{
    "queried_region": null,
    "globalScaling": 1.0,
    "ori_rpy": [
        0.0,
        0.0,
        0.0
    ],
    "Center2GripperBase_pose": [
        [
            -0.07,
            -0.05,
            0.15999999999999998
        ],
        [
            3.3161255787892236,
            6.19591884457987,
            5.497787143782139
        ]
    ]
}