{
    "queried_region": null,
    "globalScaling": 1.0,
    "ori_rpy": [
        0.0,
        0.0,
        0.0
    ],
    "Center2GripperBase_pose": [
        [
            0.0,
            -0.24000000000000007,
            0.05999999999999998
        ],
        [
            4.450589592585537,
            0.0,
            0.0
        ]
    ]
}