{"min": [-0.776831, -0.687204, -0.317349], "max": [0.77364, 0.563123, 0.346349]}