{"min": [-0.776301, -0.54485, -0.637275], "max": [0.945301, 0.316351, 0.66318]}