{"min": [-0.612566, -0.701788, -0.333932], "max": [0.629441, 0.74722, 0.373064]}