{
    "queried_region": null,
    "globalScaling": 0.0008,
    "ori_rpy": [
        1.5707963267948966,
        0.0,
        3.141592653589793
    ]
}