{"min": [-0.241088, -0.901326, -0.250442], "max": [0.249005, 0.950993, 0.265177]}