{"min": [-0.410381, -0.161533, -1.001732], "max": [0.77087, 0.173256, 0.742505]}