{
    "queried_region": null,
    "globalScaling": 1.0,
    "ori_rpy": [
        0.0,
        0.0,
        0.0
    ],
    "Center2GripperBase_pose": [
        [
            0.0,
            0.060000000000000005,
            0.11999999999999995
        ],
        [
            3.141592653589793,
            0.0,
            0.0
        ]
    ],
    "semantic_label": "Chinese Ceramic Bowl."
}