{"min": [-0.56729, -0.815153, -0.273815], "max": [0.545261, 0.76169, 0.311433]}