{"min": [-0.64186, -0.393399, -0.643161], "max": [0.672786, 0.145943, 0.658839]}