{"min": [-0.460902, -0.867974, -0.4582], "max": [0.49637, 0.149122, 0.533271]}