{
    "queried_region": null,
    "globalScaling": 1.0,
    "ori_rpy": [
        0.0,
        0.0,
        0.0
    ],
    "Center2GripperBase_pose": [
        [
            0.10999999999999999,
            0.09,
            0.19
        ],
        [
            3.141592653589791,
            0.43633231299858233,
            0.6108652381980153
        ]
    ]
}