{
    "queried_region": null,
    "globalScaling": 0.05263157933950424,
    "ori_rpy": [
        3.141592653589793,
        4.71238898038469,
        6.938893903907228e-18
    ]
}