{
    "queried_region": null,
    "globalScaling": 0.005263158120214939,
    "ori_rpy": [
        1.5707963267948966,
        0.0,
        0.0
    ]
}