{"min": [-0.829107, -0.534716, -0.474357], "max": [0.780527, 0.265061, 0.583666]}