{
    "queried_region": null,
    "globalScaling": 0.8578947186470032,
    "ori_rpy": [
        1.5882496193148399,
        0.0,
        0.0
    ]
}