{
    "queried_region": null,
    "globalScaling": 0.41578948497772217,
    "ori_rpy": [
        1.5882496193148399,
        0.0,
        0.0
    ]
}