{"min": [-0.813275, -0.617927, -0.361466], "max": [0.649915, 0.399989, 0.440107]}