{"min": [-0.448312, -0.8624, -0.233642], "max": [0.474314, 0.881145, 0.251698]}