{
    "queried_region": null,
    "globalScaling": 1.0,
    "ori_rpy": [
        0.0,
        0.0,
        0.0
    ],
    "Center2GripperBase_pose": [
        [
            0,
            0,
            0.19
        ],
        [
            3.141592653589791,
            0.0,
            5.934119456780721
        ]
    ]
}