{
    "queried_region": null,
    "globalScaling": 1.0,
    "ori_rpy": [
        0.0,
        0.0,
        0.0
    ],
    "Center2GripperBase_pose": [
        [
            0.0,
            0.0,
            0.22000000000000003
        ],
        [
            3.141592653589793,
            0.0,
            0.0
        ]
    ],
    "semantic_label": "Blue Dish Wash Bottle."
}