{"min": [-0.202732, -0.9215, -0.609823], "max": [0.200021, 0.63453, 0.447875]}