{"min": [-0.697862, -0.343842, -0.687842], "max": [0.664037, 0.064376, 0.788849]}