{"min": [-0.55702, -0.715534, -0.526073], "max": [0.518297, 0.639187, 0.605251]}