{
    "queried_region": null,
    "globalScaling": 1.0,
    "ori_rpy": [
        0.0,
        0.0,
        0.0
    ],
    "Center2GripperBase_pose": [
        [
            0,
            0.0,
            0.18
        ],
        [
            3.141592653589793,
            0.0,
            1.4835298641951795
        ]
    ],
    "semantic_label": "Yellow Mustard Bottle."
}