{"min": [-0.805979, -0.644616, -0.279943], "max": [0.793393, 0.608946, 0.233495]}