{"min": [-0.790236, -0.478118, -0.115957], "max": [0.802786, 0.610877, 0.136057]}