{
    "queried_region": "on",
    "globalScaling": 1.0,
    "ori_rpy": [
        0.0,
        0.0,
        0.0
    ],
    "Center2GripperBase_pose": [
        [
            0,
            0,
            0.14999999999999997
        ],
        [
            3.141592653589791,
            0.0,
            0.0
        ]
    ]
}