{"min": [-0.471259, -0.159966, -0.892701], "max": [0.524224, 0.192466, 0.328828]}