{"min": [-0.879033, -0.612152, -0.365411], "max": [0.848936, 0.433724, 0.334871]}