{
    "queried_region": null,
    "globalScaling": 0.00015,
    "ori_rpy": [
        1.5707963267948966,
        0.0,
        0.0
    ]
}